AMKA,name,address,phone
29623952006,Isabel,0738 Toban Park,6991621158
53637746439,Shayla,7 Main Park,6948896985
68560443955,Brynna,3 Crescent Oaks Trail,6970420356
16195723860,Fenelia,7104 Boyd Place,6996750189
16764349972,Sabina,31 Fallview Point,6977812693
91246008688,Lorianna,309 Lawn Plaza,6962625247
90847003555,Alison,057 Crescent Oaks Junction,6968099013
78180417191,Clair,45848 Wayridge Junction,6916010070
50737111594,Arlyne,0308 Bonner Terrace,6928844872
33094174435,Diandra,500 Green Ridge Street,6926248054
62291907512,Noni,5 East Crossing,6971677305
54288565677,Heath,786 Green Terrace,6983366968
76646543157,Rolland,60 Delladonna Plaza,6942331312
73840422075,Ashly,13 Stoughton Alley,6919951024
47472987693,Somerset,59 Susan Center,6987266005
18351513459,Garland,82 Northport Junction,6973731807
24491339567,Doro,591 Dexter Court,6912976713
94135168212,Kimmy,75937 Lakeland Hill,6989663272
24515814525,Pren,2982 Stoughton Place,6910557596
83601977135,Vicki,36256 Vernon Way,6921667651
84100943133,Moreen,420 Tennyson Avenue,6917410880
51605559888,Perle,7 Londonderry Alley,6907909106
91220151153,Timmie,612 Gateway Place,6934993547
32118982222,Clayton,66 Mandrake Circle,6975122950
45328032423,Ryan,859 Boyd Street,6968890284
99940431556,Emilee,81 Mallard Drive,6918763870
93900857009,Issi,8163 Longview Way,6943738338
48409016613,Amerigo,8210 Ridgeway Park,6978302599
90629497785,Luce,985 Sunnyside Alley,6955894970
58425718639,Ninetta,4385 Division Junction,6978051051
25333773635,Kordula,967 Fair Oaks Road,6920227314
88064558139,Bobbie,4 Laurel Avenue,6972980414
95604170068,Colby,6 Upham Court,6947086084
90047955854,Fidela,15 Lillian Place,6963205296
38763454298,Florenza,42 Bayside Plaza,6971854438
94490249755,Pembroke,18384 Scofield Trail,6983782983
32188952651,Fabiano,24 Sage Way,6918803263
26591110119,Queenie,70 Green Park,6948063782
77054481680,Dorey,8812 American Junction,6924222997
59237651246,Georgena,61 Anniversary Terrace,6975785024
42259763831,Farlay,9128 Sugar Way,6927733899
92123901703,Reilly,05492 Schiller Road,6986441107
81999527713,Alvin,0392 Maple Wood Way,6947186216
12023585602,Meg,8452 Daystar Way,6919391356
81250674006,Bellanca,30661 Tomscot Parkway,6932823022
99998210650,Cybil,554 Lyons Hill,6950150977
87434125548,Melanie,598 Sunbrook Park,6975241254
73889167029,Imojean,56 Granby Street,6967962726
54838503413,Fabien,9 Kensington Lane,6915536582
94056647403,Danila,1 Independence Avenue,6923101297
17053145450,Kendra,812 Cody Crossing,6949883614
33042266438,Bud,16538 Crescent Oaks Street,6988405563
68542207313,Gay,8 Twin Pines Alley,6992689989
44013770046,Erv,8 Trailsway Way,6910385849
30963134419,Brose,69478 Carioca Junction,6972233157
14244203434,Peirce,5 Onsgard Pass,6996364542
81433100613,Drucie,5930 Schurz Alley,6966331316
45976851174,Cal,4259 Memorial Park,6964283987
14837892136,Richart,72 School Terrace,6920744470
77180929658,Avrit,87 Jana Avenue,6984884006
25003562412,Eugen,352 Schlimgen Plaza,6965252921
81655208197,Iris,430 Chive Junction,6985082733
54450836513,Emlynne,975 Harbort Point,6964861487
81741080793,Peder,66445 Schlimgen Alley,6986645099
79245908813,Vi,32881 Bultman Lane,6973377951
49457537018,Sylvester,2228 Morningstar Court,6974355900
80442505194,Arluene,48 Macpherson Circle,6973002112
33274824313,Griffie,836 Tony Circle,6958245822
84917126229,Gerta,6793 Hanson Avenue,6957498839
75759329787,Paolina,95 Paget Park,6935883598
64565957853,Corrie,3513 Goodland Avenue,6995420600
55443588628,Roobbie,353 Clarendon Terrace,6984163436
38393580138,Anatola,8416 Fordem Crossing,6985428948
43483901257,Callida,2863 Pepper Wood Drive,6967258311
91532888221,Gage,05811 Steensland Way,6972820549
10282593391,Nickolai,6 Tennyson Road,6932821474
19165469467,Laurene,3 Springs Terrace,6979161172
95003790180,Martainn,2967 Huxley Crossing,6998103817
29627456298,Hendrick,365 Emmet Avenue,6993529586
96860356007,Nanny,66412 Bobwhite Trail,6984747476
53946403795,Scottie,2016 Bunker Hill Pass,6920735197
97323791877,Ingrim,5554 Arapahoe Avenue,6911434000
77146080462,Siward,28 Shoshone Junction,6959454736
49717982210,Bab,16 Farragut Court,6987913330
77153588881,Merci,2784 Scofield Trail,6912686108
92882763987,Elberta,05 Basil Pass,6907293177
51579994076,Tiphani,204 Vera Drive,6905919431
65187950332,Leonard,2 Merrick Circle,6957532208
19187649318,Hayyim,25 Eggendart Trail,6977842333
99932782125,Deeann,84715 Hudson Plaza,6973490818
67077199391,Sibley,67 Sommers Avenue,6994884787
76347587617,Vi,61267 Everett Pass,6993989142
51429288128,Alden,300 Carey Alley,6979154279
47935935709,Vivie,95357 Summerview Point,6919545245
21793803362,Aviva,30032 Dayton Park,6908824148
10117592107,Erena,1824 Meadow Valley Place,6928190228
83629962710,Waite,43403 Jenifer Crossing,6938536718
99203414932,Roslyn,90921 Waubesa Pass,6946457642
96980022160,Myrtice,5 Acker Parkway,6950988579
33528648931,Carolina,00 Superior Lane,6951862825
27511668047,Faythe,64 Grim Alley,6979574064
60177967993,Ibrahim,5355 Talisman Parkway,6944761545
44438200611,Alvan,50110 Maple Wood Crossing,6982236855
99686203363,Rafaellle,3270 Haas Court,6927013763
45943042655,Basil,3065 Meadow Valley Place,6999591953
85346794530,Winthrop,530 Basil Lane,6994052473
36768258204,Emmaline,318 Bayside Junction,6949874688
59081418116,Ario,2604 Hintze Street,6945682248
30630446743,Rustin,60919 Del Sol Parkway,6933462048
39414846894,Shoshana,4312 Columbus Junction,6955020507
81263370406,Enrica,55 Grim Terrace,6965161035
39007498065,Braden,39588 American Ash Parkway,6978453419
88416629396,Lyn,185 Atwood Center,6999591437
33845714360,Aveline,857 Village Green Pass,6923875996
80549728345,Arte,7501 Lakeland Hill,6999591173
58803209533,Sheela,70 Eggendart Pass,6905835016
59526540003,Padgett,12681 Dexter Center,6982884757
11017273369,Tailor,06 Aberg Trail,6911560794
73974992829,Vern,75556 Bunting Way,6967655828
98215407842,Mary,3778 Warrior Place,6957837989
15986402558,Crystal,65566 Caliangt Center,6970902888
55425530558,Carly,849 Morning Place,6969655830
61977489557,Hubert,9413 Arrowood Circle,6968904551
17340963039,Katerine,158 Mosinee Road,6958611461
61337269439,Cory,927 Del Sol Parkway,6934804081
88225737540,Ikey,879 Sauthoff Drive,6921054645
35013254373,Talya,723 Dapin Pass,6902615339
83247782428,Laurens,5 Bashford Street,6966148009
22838360654,Rebekkah,999 Russell Trail,6972823342
55471478421,Johnath,048 Macpherson Drive,6994739316
17527417061,Kass,9784 Dottie Hill,6935461994
23379943044,Tomasina,6 Arizona Plaza,6971801000
97608255082,Camilla,92 Surrey Lane,6953335970
70965282224,Suzette,56 Dexter Trail,6949619573
58850705967,Ingmar,68395 Walton Drive,6948552999
76475832557,Petrina,28 Grover Circle,6908578659
84593404386,Dorothy,910 Anderson Park,6962909641
54132791319,Bertram,16200 Mcguire Point,6944872072
72394376494,Karry,599 Bluejay Road,6940080947
36263423595,Evyn,219 Jenna Pass,6953946275
52948906870,Cody,843 Pine View Pass,6928917592
85234304155,Oliver,9576 Main Hill,6979878098
83461949679,Giordano,0637 Fulton Park,6964572030
82708252834,Gabriela,2 Ilene Court,6929020114
27405622790,Caz,1 Surrey Lane,6901308201
18030456979,Hedy,91 Stuart Center,6961727963
78910737242,Jelene,87 5th Hill,6924195667
97840640738,Rod,3658 Bluejay Place,6985612351
24142728957,Wilhelmina,0 Del Mar Point,6962101364
28392724907,Omar,4 Barnett Alley,6984907376
78392219390,Creigh,1362 Stang Parkway,6996648407
37796322553,Gwennie,49 High Crossing Street,6958752680
71412091882,Mindy,4 Bashford Way,6937915401
40273784879,Jacynth,8125 Crest Line Center,6920361772
27315259738,Edyth,98 Corben Way,6991881140
35228487489,Edd,08 Burrows Crossing,6971757008
92685858615,Zilvia,45 Monica Pass,6979548263
90027043505,Raynell,3 Monument Terrace,6920529308
24081319981,Evita,74853 Pond Pass,6965884192
90781055293,Zarla,8 Crescent Oaks Trail,6992367035
92485673323,Annissa,759 Nevada Trail,6946780709
51026180313,Ban,1 Kensington Trail,6932514202
39753410432,Anatole,2 Coolidge Park,6989432161
24574223551,Goober,8 Mitchell Trail,6989808834
98174235966,De,0 Carpenter Drive,6953927300
73642162047,Standford,378 Granby Junction,6904265603
70398789990,Burlie,93 Novick Alley,6921739001
92474209519,Kacie,2 Lindbergh Junction,6928289646
80374676194,Goraud,00930 Veith Circle,6901514161
36630960133,Ranice,863 Sutteridge Drive,6957076872
18228632875,Ashli,5 Spaight Crossing,6961991313
67293853325,Janene,589 Comanche Alley,6940194379
71486758764,Winnifred,051 Hooker Pass,6935028112
26897815591,Roldan,37 Packers Point,6997869688
81773421392,Torr,0 8th Hill,6902895981
33087691768,Clotilda,0 Clyde Gallagher Center,6946584895
34870179515,Forest,95 Lillian Lane,6968094421
76157145537,Husein,32874 Hintze Road,6932345449
41153568215,Kendre,140 Northview Lane,6943277684
98426591145,Billi,2 Kensington Avenue,6937553569
33633913463,Rochester,0151 Hazelcrest Way,6941883598
56665073772,Cassey,77 Rieder Center,6958245582
37005670953,Ossie,02 Carpenter Way,6952394782
41731006758,Ulrikaumeko,85 Portage Avenue,6940403409
42005545689,Axel,695 Porter Place,6935609260
59332471274,Humbert,62 Eastwood Drive,6930700511
42305486062,Griff,46 Dapin Junction,6950998197
46656365867,Merill,069 Mallard Circle,6986267640
21978335004,Shurwood,71160 Artisan Crossing,6990306660
38923666623,Vally,22470 Roxbury Way,6990903820
95934901930,Robinet,5 Tennessee Pass,6966169583
12351285564,Aguistin,1321 Emmet Terrace,6927599907
28784712597,Lenore,82055 Arizona Center,6990087508
85751239579,Eleanore,0 Fair Oaks Terrace,6942858684
89886629143,Perla,6 Sachs Pass,6977459846
27591487638,Eugenie,23221 Armistice Parkway,6920055461
79546877901,Domini,768 Dexter Pass,6910939606
30426909312,Valeda,85429 Transport Place,6902325328
51596624316,Miner,1 Summerview Center,6907903874
15432228940,Cybill,9195 Elmside Junction,6973538052
78374805863,Ange,4682 David Parkway,6916212035
14353811261,Nelli,2347 Meadow Vale Avenue,6916331300
85152939270,Chryste,12689 Raven Pass,6924242142
46421418658,Burch,21495 Jana Terrace,6907767002
28622192936,Justen,768 Waxwing Street,6921415586
69627455715,Merrill,3265 Birchwood Circle,6939517816
87530428601,Berke,59 Scoville Center,6916364709
27788446343,Rheba,6243 Harper Street,6929294331
53584285936,Urban,38 Oxford Avenue,6937164601
66952344101,Rickey,4 Artisan Avenue,6908865766
83193674166,Jan,69986 Atwood Point,6992813005
56332746704,Mattie,27 Grasskamp Lane,6959223179
52400776990,Goldi,50534 Darwin Way,6948319735
70688304125,Say,33 Arkansas Junction,6954222682
10153065541,Catherina,78 Everett Lane,6923792291
49027772154,Teodor,3686 Bunker Hill Pass,6912222068
24700452173,Dierdre,8777 Messerschmidt Point,6967601060
64570696588,Mala,90115 Mayfield Trail,6929430442
47951372102,Pierre,64217 Dorton Terrace,6996953364
63668001054,Mathilda,9294 Logan Junction,6929165908
99384800434,Trudey,687 Reindahl Way,6929952224
96865837631,Benedicto,7058 Delladonna Pass,6948016633
41212499439,Deina,627 Knutson Plaza,6979045662
66534582924,Merlina,03778 Beilfuss Circle,6962162674
57153264942,Katrinka,93477 Southridge Road,6973198899
56024856791,Virgilio,918 Hanover Drive,6916369657
63020810711,Chane,29298 Del Mar Junction,6978806425
10768543601,Dino,842 Towne Alley,6934740660
41118976936,Rosalinda,0814 Chive Way,6968316608
72474460262,Fabien,3 Moulton Crossing,6942483894
86908372624,Amble,1442 Mandrake Point,6900930319
89071642442,Maison,05 Old Shore Street,6953724502
56469372555,Nancey,39070 Fulton Hill,6929778080
72826519053,Yance,2 Golf View Pass,6926771715
27105368682,Georgeanna,873 Hermina Trail,6901369596
99018725922,Gawain,77400 Saint Paul Circle,6940888924
89380921631,Petronia,2198 Portage Alley,6940574590
91490585262,Minetta,473 Autumn Leaf Avenue,6917926482
37363043402,Danni,95250 Lake View Road,6979479582
48598041654,Adelbert,530 Oxford Junction,6948691219
45064143211,Sampson,36 Sheridan Pass,6935476244
14076481899,Georgeta,506 Elgar Center,6956313070
20753427013,Clarine,37 Buell Circle,6997672603
16836484503,Gaylene,30420 Beilfuss Trail,6995754239
16317579263,Hugibert,4312 Morning Crossing,6942559809
47012224429,Rocky,4137 Independence Way,6917258685
10743302771,Gilburt,4081 Golf View Place,6904852032
22224969364,Webb,2468 Vermont Place,6945964351
83715656344,Wye,04078 Jackson Pass,6957050712
80393968915,Tanner,6544 Towne Alley,6923976910
89633915063,Della,27415 Bonner Plaza,6944339055
31877182716,Catina,3 Becker Circle,6959582089
67143470191,Ebony,4809 Forest Dale Hill,6966716233
56697038819,Dunc,81 Thierer Alley,6927913920
24509705526,Fabiano,222 Coolidge Junction,6982211858
10951892812,Dotti,872 Havey Street,6961536430
66333329053,Belva,7568 Gina Alley,6921255422
38482383819,Alie,31 Toban Trail,6992620034
41037403281,Chrysler,22440 Thierer Road,6901423186
29507638543,Karee,07093 Fuller Center,6906001849
40262029580,Emogene,61 Bayside Point,6997243607
31575851290,Davy,1 Lunder Park,6931214786
71949680641,Skippy,181 Northland Junction,6971841042
56397354398,Etti,71 Northview Point,6952151564
69992909760,Kim,584 Emmet Point,6905069795
55530966303,Barney,4 Loomis Circle,6941052997
13218706184,Catherin,2 Merrick Court,6945607788
52971836846,Fawn,5 Surrey Road,6927254438
18328080634,Adamo,39 Lerdahl Way,6923199922
85017902036,Kelsi,90 Bayside Alley,6959014889
80505352086,Kennie,323 Graedel Crossing,6992167063
62027452019,Reginauld,5963 Sheridan Pass,6960212856
47608429560,Janine,69 Rusk Alley,6939036742
75312616981,Val,025 Lien Center,6995685600
93393682745,Melonie,4 Hansons Terrace,6932926755
71709429808,Bartholomeus,1016 Marquette Way,6954635908
94867344684,Roseanna,8 Oxford Plaza,6951179306
16385023312,Alexandro,23 Kipling Avenue,6973073016
90461466923,Pru,60109 Jana Drive,6973298511
57006223142,Duffie,83372 Muir Crossing,6911858744
35269736547,Cristiano,88489 Schmedeman Trail,6909633150
76475042913,Kalil,4 Bluestem Pass,6937856515
74313732510,Boris,7169 4th Drive,6968855132
63934100942,Briggs,54743 Union Place,6966949604
54785074283,Tallie,1 Farwell Parkway,6975057468
32697426885,Isabelle,06 Union Drive,6906764068
91912767515,Hilliard,707 Westridge Trail,6954101830
42126246180,Valentine,4 Michigan Drive,6976082202
34175425518,Lynn,663 Columbus Terrace,6986044983
89589073902,Roley,8649 Prairie Rose Center,6906531031
68347021047,Thibaud,32129 Melody Place,6961497126
36075058222,Maison,42 Arizona Point,6970383830
59877598960,Chad,00 Waxwing Place,6990955769
59653166927,Jennine,56 Milwaukee Street,6925217679
66474669734,Chastity,91977 Twin Pines Trail,6974659334
41119804877,Kareem,81 Transport Alley,6945096607
78389862362,Zarla,67274 Boyd Road,6973299548
44153459542,Zebedee,14 Green Ridge Road,6966254138
21488453299,Willie,18 Ilene Lane,6996265903
67658688442,Bobbi,50 Parkside Lane,6945965457
36358152997,Timmie,65 Rockefeller Place,6918290354
81927266340,Janina,70 Red Cloud Point,6982477880
37238644136,Ardella,0 Green Ridge Plaza,6930515533
63081972692,Nancie,62 Holy Cross Center,6982169041
12693690542,Abby,482 American Ash Park,6993104796
45929474764,Kalindi,790 Melvin Pass,6903287977
14448914003,Giacopo,32828 Sunfield Court,6969506487
10570522532,Gerladina,212 Comanche Plaza,6988138436
88910140736,Rhianon,6657 Merry Circle,6987411466
79460115986,Mickie,02 Glacier Hill Pass,6995515758
71389522278,Cilka,163 Melrose Place,6916493576
94489082961,Rochell,94 Carioca Point,6952161608
99216134983,Jessee,9640 Continental Street,6993361071
16907801461,Crissie,77 Heffernan Lane,6961550016
23832849809,Laurene,38 High Crossing Avenue,6908617076
63257151129,Taffy,590 Pierstorff Center,6923650056
25383258914,Muffin,2584 Russell Point,6912647523
22008660121,Meagan,1554 Riverside Crossing,6973700639
68275851197,Jacob,8878 Holmberg Parkway,6911600747
79748270542,Frieda,2959 Moose Point,6951497753
64354749368,Conrade,93 Eagan Alley,6935044323
98608723695,Cary,65 Gina Crossing,6953083838
81872216626,Bartholomeus,00 Hudson Alley,6990241624
95363621561,Rolph,779 Northfield Point,6947021456
93831869425,Mignonne,191 Lien Crossing,6966114347
89297448555,Sallie,5 Cody Plaza,6958075073
83010734484,Claribel,6162 Riverside Crossing,6936327583
18207091369,Cletis,7 Artisan Way,6988865289
95795442964,Lorant,3954 South Center,6993510583
80121932081,Izabel,6 Messerschmidt Way,6913476218
42354949038,Louisa,37 Delaware Drive,6944962304
46767736125,Vanya,3 Tomscot Parkway,6969522209
33407751389,Maris,16 Red Cloud Hill,6986124153
45048056646,Lyell,021 Sunbrook Court,6985038793
86460023172,Josiah,48060 Maple Hill,6936861223
99138925364,Emelita,36 Hoffman Alley,6924678200
78825207707,Travers,2 Gina Trail,6966213896
81700256872,Bonnie,748 Sheridan Point,6967582151
33359211254,Hershel,032 Farwell Hill,6994168128
33766289363,Stevie,10 Anzinger Center,6992772868
78496973595,Gwendolyn,591 Dapin Pass,6997924559
66768842687,Jorrie,11 Fulton Circle,6915810695
31001104077,Lou,5212 Hanson Lane,6922087946
54181017591,Doe,6678 Maple Terrace,6955040979
16232320291,Gawen,5129 Declaration Street,6901898354
87648147904,Felicia,21844 Burrows Alley,6910637410
25696441498,Inglebert,21876 Dennis Street,6967311776
28797521444,Nedda,56 2nd Trail,6924487508
67599451373,Carl,1 Lukken Pass,6906338374
12986831501,Guinevere,1 Miller Place,6907595630
58830974466,Coreen,5372 Express Circle,6915465479
52099312294,Thedric,73 Esch Park,6910063640
18647040544,Terrijo,0352 Jay Crossing,6958099256
45005431375,Egbert,98 Dennis Way,6956011932
96408635689,Arny,4498 Steensland Place,6929235270
91872636515,Janka,035 Moose Parkway,6958169240
62826110766,Humfrey,411 Sunfield Pass,6929368820
83834076169,Emma,73 Commercial Point,6976866891
12342837559,Shanna,6468 Tomscot Center,6932973003
99589354746,Margaret,0 Del Sol Terrace,6966511799
99804622838,Nell,90 1st Crossing,6997223179
29223391422,Herb,5 Eggendart Pass,6907013499
66911289185,Kittie,9 Blackbird Center,6971435182
62220648002,Bary,537 Manley Way,6956715694
31485935613,Shoshanna,33900 Heath Hill,6951562741
64932815787,Kathleen,49624 Goodland Parkway,6915099388
25446061815,Georgena,274 Fallview Park,6915113556
51362754252,Antonius,23 Dunning Drive,6919007352
60645741710,Latia,8101 Mallard Drive,6937695357
53430610828,Matty,36 Elka Plaza,6906585146
27161313042,Etta,4025 Hintze Place,6942924617
69640927010,Dore,065 Oneill Junction,6929020830
52758315116,Kelley,15 Onsgard Junction,6925511397
67730967241,Coop,221 6th Drive,6988889985
84463099144,Haywood,489 Westridge Pass,6926402678
52585206474,Raviv,562 Aberg Way,6931677132
50792524819,Melvin,673 West Center,6978038841
10561214591,Stearn,0 Ronald Regan Plaza,6907099304
45445434822,Zelma,3757 Prairie Rose Terrace,6934278104
18072765890,Orv,53 Stuart Point,6979592516
52579603215,Joachim,08 Doe Crossing Park,6925420775
30472398491,Farra,5 Ridgeway Terrace,6976937347
94922759045,Garrek,034 Hovde Lane,6935200597
75878161423,Booth,2 Del Mar Parkway,6941127311
76458311288,Sigmund,6 Hooker Park,6937792520
50772041838,Lin,31113 Elka Avenue,6978630904
65377245684,Nathanial,001 Tony Center,6936668545
16660321576,Layla,2 Scott Street,6965591796
39262169353,Giana,0249 Prairieview Junction,6941948455
11221446472,Jermaine,29 Darwin Pass,6903423084
84380281467,Hiram,61 Farmco Road,6990136141
34446754300,Eleanore,3476 Fremont Alley,6906057346
88311308363,Sanderson,20 Sunfield Crossing,6987272550
27866616866,Clara,0 Cardinal Street,6916881398
82304166348,Dulcia,48 Sloan Circle,6952279601
40715307246,Dareen,4 Golf Course Park,6910640528
93979076646,Redford,2617 Charing Cross Lane,6900935707
45660441131,Karlotta,7 Hanson Avenue,6998837381
98035199890,Jacquelyn,1 Brentwood Way,6956970988
73767337613,Alexi,766 Melody Lane,6922155653
95590935952,Tandy,9 Caliangt Trail,6983821819
87786076239,Vincents,53 Pierstorff Point,6969594678
28767365957,Emmanuel,042 Park Meadow Pass,6953651015
43912957296,Brandea,91308 Milwaukee Point,6981909184
45898176696,Alexandro,558 Nelson Alley,6976388756
81667308059,Kathleen,7 Mariners Cove Circle,6943391002
89415173808,Bethanne,1 Mayfield Lane,6923404897
11040207413,Audra,673 Bay Drive,6987021660
91029289722,Buiron,33802 Canary Junction,6920771874
70170480550,Hattie,70116 Sunnyside Drive,6956026052
53347676449,Dani,46972 5th Terrace,6980049101
18968670222,Cristie,966 Main Junction,6900639821
30197022966,Hermina,2 Burning Wood Park,6972832547
37626302021,Leonie,5490 Annamark Point,6965421763
61001527272,Sallie,0663 Pierstorff Center,6959361018
23795822764,Ardelia,5 Crest Line Park,6941866248
79155913950,Sonya,9322 Annamark Road,6908369102
34463115385,Daphne,77 Superior Alley,6977297549
32919911633,Sargent,1050 Judy Lane,6997232476
76768264581,Carmelia,06058 Bobwhite Plaza,6918378128
59641524027,Monah,62 Shoshone Drive,6944080334
89650193532,Trula,24 Duke Plaza,6938014520
63851378531,Cordy,209 Hazelcrest Drive,6947434974
82834890197,Gay,001 Tennessee Center,6971906615
95673474311,Alida,4669 Delladonna Trail,6914371251
58894369922,Tammi,59 Waxwing Trail,6962444714
45339007814,Cirstoforo,999 Sullivan Point,6924311528
39529290353,Carleton,641 Longview Hill,6934387410
85147355340,Urbanus,5268 Chive Court,6981344526
75177689501,Yolanthe,403 Kensington Avenue,6945718908
40540110800,Cesaro,39904 Surrey Street,6912019813
23403884762,Elmira,87067 Sutteridge Hill,6901026420
55288328165,Roley,6 Melvin Terrace,6923261334
55266347796,Basile,807 Oak Valley Place,6999400207
37279618625,Kania,59950 Dexter Crossing,6956753177
66895170442,Nike,4481 Express Court,6980067927
63660005091,Jo ann,61457 Fuller Circle,6910859202
44724171267,Pasquale,830 Browning Way,6966297107
84310700256,Alta,114 Southridge Junction,6967927250
45844692312,Lezley,00286 Warbler Center,6932748058
38355867163,Jessie,94 Eggendart Center,6937380189
74759647760,Barbara,12202 Westerfield Junction,6902469610
14988695692,Sayre,33832 Doe Crossing Avenue,6982821461
88767307619,Cesar,4 Sunbrook Junction,6923085288
24888295155,Norton,3 Clarendon Plaza,6931596101
85168721449,Claire,337 Stone Corner Alley,6929311789
50555951201,Raphael,43 Loftsgordon Point,6931534778
50578480118,Scarface,3423 School Alley,6953929286
14025328456,Mable,550 Continental Pass,6907071129
56568923109,Beale,6 Dunning Lane,6969768503
20560327784,Ramsay,0639 Northport Circle,6983992447
59808066904,Allyce,185 Johnson Court,6932448474
15020602667,Cello,12 Lien Place,6911271117
43898586277,Rena,5 Schlimgen Drive,6983985025
63500958608,Huntlee,592 Spaight Alley,6992833967
51751770335,Lowrance,7862 Petterle Circle,6924700048
82035055316,Iago,87 Schlimgen Hill,6938457674
45031084420,Lucky,0575 Golf Place,6936703932
12307039962,Iosep,5780 Waubesa Way,6948812358
52433116860,Faun,2 Hovde Pass,6918798672
83329433027,Lilian,9924 Northport Street,6957108458
86299872563,Agna,7716 Kim Street,6976425170
19219168523,Sigvard,04769 South Trail,6985096442
69773134714,Jannel,3 Welch Avenue,6900132332
96119726324,Rurik,67359 Coolidge Center,6956188877
32079322172,Nanni,0 Jana Plaza,6974927776
52639034913,Torrin,7198 Nelson Junction,6962901848
96967552339,Merola,1465 Larry Center,6912541677
67037350659,Priscella,4757 Northview Alley,6930777474
27963616895,Emmeline,16596 Loftsgordon Circle,6914846132
14556640665,Cayla,619 Surrey Terrace,6933642522
42317744680,Arni,7 Cambridge Lane,6967984441
74602942814,Cesya,96 Montana Street,6990618635
87321870706,Bartram,872 Warrior Road,6934107956
66715270424,Allene,41840 Maywood Lane,6923749383
40766935477,Arlyn,7 Havey Pass,6977404027
58647431152,Meaghan,78 Delladonna Drive,6952759309
27581681888,Agnese,7 Nancy Pass,6911074776
88470347749,John,81881 Portage Alley,6985122008
47968093914,Guillermo,92 Lakewood Place,6996088207
66205724687,Charita,3 Autumn Leaf Terrace,6988997268
78111107883,Michaella,1865 Sutherland Center,6965344212
84767274383,Merry,7178 Sunnyside Point,6956393429
56813911796,Darrin,3525 Northridge Place,6918552420
79128492233,Nicolis,42096 Norway Maple Point,6948913356
12418428627,Susie,79 Continental Avenue,6965518945
37034719657,Charmian,28 Jenna Circle,6917675997
21938977942,Codi,8445 Prentice Hill,6909905115
76255888904,Myriam,85 John Wall Point,6954240016
96272202327,Isaak,64 La Follette Parkway,6956534296
32560225576,Renelle,1804 Harper Hill,6966935409
12342669933,Dallas,741 Anniversary Plaza,6973231160
44979025301,Em,8649 Stephen Park,6912534701
12827415150,Barnabe,232 Mockingbird Park,6969078572
57052420580,Virgilio,28166 South Crossing,6977855117
28043714443,Marshall,9219 Donald Pass,6901194378
43094313788,Beverly,5 Katie Terrace,6951006873
93905470466,Juliette,08 Crest Line Trail,6917666394
95649511542,Leila,30533 Elgar Plaza,6907502553
57375971287,Rey,183 Manley Crossing,6948875984
37160774234,Malynda,755 Linden Trail,6929135794
38263079585,Bo,6 Lunder Circle,6994121242
93730431241,Clary,2694 Dayton Way,6980168656
74790561742,Miner,55 Swallow Place,6927639872
64609098054,Ewell,65530 Rigney Center,6974638166
98262376482,Raina,22 Manitowish Hill,6963540178
87413154011,Isiahi,52296 Warner Parkway,6999005570
49828736704,Morgan,60 Sundown Lane,6918995359
81901401349,Clarie,88216 Parkside Plaza,6985131981
68379873888,Marv,97356 Kinsman Court,6911368282
23737565116,Nicola,6 Toban Terrace,6915689680
68214612737,Roi,2 Del Sol Place,6930168212
26431198365,Bone,566 Stoughton Circle,6924996040
39484875505,Fanny,815 Montana Crossing,6934350675
19560958156,Jessika,80663 Pleasure Way,6927698374
99764903222,Charmaine,3 Derek Place,6979897885
47734438519,Giraldo,93814 Hermina Road,6969751043
73095743922,Jamil,6713 Dwight Crossing,6939399180
60165053227,Phillipp,78524 Bluestem Way,6945034559
21441704763,Milka,1866 Anniversary Alley,6935452222
11795767414,Kerwin,95 Alpine Hill,6933283759
89090245817,Beilul,57 Westport Road,6983353720
62021394637,Svend,94367 Charing Cross Park,6974036973
70912154076,Hillary,59 Di Loreto Crossing,6901320195
94198469341,Anallise,9033 Oak Valley Circle,6965161026
10478924067,Estelle,31 Lyons Park,6980793477
50008931661,Demeter,73 Dottie Circle,6968491132
36553093847,Olva,50 Welch Park,6972057990
66652607043,Penelopa,0 Mcguire Court,6931083335
71868737194,Shaw,603 Dapin Junction,6999440964
37250622716,Melisande,04770 Ludington Trail,6948448821
11558337171,Annabell,2796 Westport Center,6956388416
41542777356,Crissie,163 Claremont Street,6914954545
13258915660,Elladine,61 Golf Crossing,6992588269
37537963456,Tommie,908 Red Cloud Way,6972573101
29172915651,Leanna,40665 Mariners Cove Point,6906494119
52446760606,Rochester,9 Northridge Plaza,6919709171
80025755149,Bennie,9443 Katie Terrace,6977962446
92502572023,Shaun,5 Myrtle Road,6956074259
38423050573,Amil,1065 Mcbride Street,6909440306
38185292797,Gar,7 Pearson Drive,6924136364
86057131275,Penny,74 Pierstorff Terrace,6920459116
41864485672,Isador,899 Raven Circle,6972986614
83455634634,Etan,75738 Mifflin Court,6974338233
95006462533,Audie,6905 Old Gate Park,6979880276
99961725011,Arlyn,78 Hauk Point,6918242786
88287396762,Frederik,49909 Heffernan Pass,6910881638
49616598763,Drucill,970 Loomis Junction,6934270996
54216925571,Alyda,5 Prentice Terrace,6951368281
76136266908,Theodora,60 Melby Circle,6908869417
43319257916,Chas,8546 Rieder Park,6902941979
53928446768,Tim,45 Bobwhite Parkway,6938372126
83413515205,Bogey,30 Atwood Drive,6938169526
61919494536,Audi,1 Darwin Drive,6920075080
80893517683,Kevin,76464 Gateway Junction,6940351636
98009597867,Carleton,198 Randy Place,6961881993
46080165510,Angel,0 Lillian Avenue,6976088924
53363921843,Shell,71818 Grayhawk Parkway,6906035033
32452549554,Vivia,02681 Blackbird Plaza,6988056832
76121842068,Sunny,12135 Saint Paul Lane,6985386602
26270420516,Ambrosio,9 Northview Park,6918936511
78475698623,Alvie,4 Orin Plaza,6974003024
50545140946,Cart,1377 Anderson Lane,6996883850
72574366607,Vaughan,909 Marcy Center,6914064163
58214796684,Tani,1 2nd Way,6936361591
72569426016,Rivalee,03 Caliangt Junction,6905154147
56774958324,Leola,9227 Cascade Terrace,6972224304
80780518646,Tremaine,2419 Village Alley,6991148010
46428522389,Cordy,993 Armistice Pass,6975524466
90748788658,Dougy,0604 Lunder Center,6936516512
63023879580,Wat,826 Shoshone Pass,6940801899
29987421858,Tracy,144 Spaight Crossing,6909679880
99530429407,Yetty,1966 Homewood Avenue,6974824643
35054193925,Durant,69 Ruskin Point,6990602138
20728895145,Alasdair,80558 Grayhawk Crossing,6918684673
11748390916,Libby,375 Gulseth Lane,6973861536
94009862260,Kassie,7 Ohio Avenue,6964708369
37385122534,Rosalia,0 Melvin Street,6918751373
76333371779,Hillary,776 Anderson Crossing,6918223007
50242853027,Ephraim,46 Declaration Center,6946890337
93274888679,Petrina,70053 Lerdahl Road,6998352060
19340660575,Melisandra,009 American Crossing,6918377864
70603912061,Neely,8056 Bobwhite Alley,6910229307
38095636958,Em,2802 Transport Lane,6992810541
46964861207,Theresa,7667 Waubesa Alley,6996633370
49039773520,Reg,3 Victoria Terrace,6902365098
55180861904,Lamar,658 Rowland Place,6912196091
94302034288,Hyman,72420 Cordelia Place,6902939064
83948975599,Myles,45 Montana Crossing,6961576329
13054913424,Ingrid,585 Killdeer Trail,6952818976
69324916345,Earvin,2 Jenna Plaza,6980566804
86004321366,Rockwell,26 Amoth Pass,6916891831
11859063485,Morgen,114 Crescent Oaks Avenue,6986795875
67765194404,Becki,0863 Pepper Wood Center,6938800977
83996809545,Steffane,11 Carberry Pass,6993929223
19088778226,Jarrad,06217 Arapahoe Center,6933443549
91139082065,Malorie,53984 Clarendon Street,6915759209
22000406755,Lesley,09877 Florence Center,6980398179
67230351699,Imojean,1030 Ridge Oak Point,6995163294
27208169755,Herschel,806 Kedzie Circle,6988600909
17903176704,Terri,56536 Warner Alley,6934918012
22582562331,Lindi,8874 Crescent Oaks Crossing,6986688436
55032396197,Donnie,2637 Scoville Street,6954502601
47023360669,Doria,03349 South Way,6902887858
41862188945,Marline,561 Raven Lane,6931006396
37475137780,Geri,0 Truax Alley,6932983735
55842302841,Lucho,66 Dovetail Park,6944349891
29692377584,Oralia,0 Bunker Hill Circle,6999537989
66946405803,Aaren,1 Roxbury Court,6946056622
55830914292,Moyna,173 Westerfield Trail,6935868025
26801381200,Pablo,1848 Corry Avenue,6941690762
94096994511,Claretta,057 Russell Avenue,6902772884
18792048608,Neal,563 Golf Crossing,6997820207
69913260880,Tammie,9070 East Park,6993102499
40557182625,Norris,67 Meadow Vale Street,6924105219
80262506569,Christoper,79253 Oriole Hill,6975093762
13083491598,Nikos,5 Ilene Point,6933865136
63656329707,Daveen,6253 Shoshone Court,6981810539
20140951603,Ceil,2081 Manufacturers Lane,6900893130
14270888167,Margette,8772 Forster Trail,6946897535
84765153315,Hillary,9 Ruskin Point,6931916577
62649529492,Lauren,8734 Victoria Plaza,6900819649
70661487947,Rodrique,6 Express Center,6954327355
40707217317,Augusta,8451 Golden Leaf Center,6968460659
89929198480,Isobel,9 Manufacturers Avenue,6980906443
23939619194,Norton,42975 Anhalt Center,6989851260
87812008427,Lonee,7669 Harbort Pass,6971655682
79770325307,Charil,1557 Sunbrook Terrace,6934402613
36058270731,Terza,24708 Kings Terrace,6910917828
74391371680,Laughton,110 Dawn Drive,6984952609
22156593180,Dimitry,289 Merchant Terrace,6963121542
64271177482,Christina,65 Debra Street,6992929029
32859901939,Georgia,60 Forest Run Parkway,6962726663
13111548409,Adrienne,9 Manley Alley,6954649463
89561004289,Delia,31 Red Cloud Pass,6991999518
68724098876,Betty,1 Logan Park,6916446634
23557597115,Daron,65 Cottonwood Road,6934811123
36872568038,Stoddard,5915 Loomis Road,6973714986
46491585858,Amabel,24186 Elka Park,6958613290
68342902552,Kacey,8039 5th Road,6922875241
32931862708,Eba,4 Acker Park,6929242387
51120494515,Charlena,6 Clemons Lane,6924369748
78109440640,Matilde,8 Eliot Court,6989249661
78043757647,Cindee,41064 Buhler Court,6980845375
80911362404,Samuele,67 Granby Court,6922341580
51500831991,Marchelle,0764 Lyons Point,6908560019
67756431502,Rosetta,524 Marquette Center,6936463332
16186715418,Myca,37990 Caliangt Street,6906728906
20600345837,Ban,03 Redwing Drive,6900920692
72762089850,Ameline,7 Dahle Way,6950899374
75635962388,Keir,46334 Emmet Circle,6911005305
63938381054,Kipper,3007 Crowley Way,6903403109
71681693532,Fidel,538 Talisman Alley,6917230948
73571093654,Emile,035 Luster Alley,6951831623
23214582302,Laurens,32352 Vermont Terrace,6945421461
27120952760,Leisha,44 Colorado Crossing,6978081516
70303579929,Bertrando,87 Hollow Ridge Point,6933117273
73782568556,Madelene,3 Bobwhite Street,6941482558
29861841711,Clemente,0301 Everett Center,6970268652
43964609034,Silva,84 Crescent Oaks Court,6923598980
87689410983,Ertha,583 Linden Court,6982696716
54161859585,Weber,74 Cambridge Alley,6951346829
86257521177,Elmira,720 Spohn Drive,6919206501
79882874997,Elinore,8616 Red Cloud Trail,6923166933
70728854260,Gale,56 Corscot Terrace,6909573540
62480996314,Devonna,401 South Parkway,6991685825
73379734961,Hyacinthia,80413 Thackeray Drive,6985531342
24917637062,Augusto,922 Westerfield Point,6953606989
48843860378,Ernest,649 Bellgrove Park,6905001669
76073730960,Derwin,1643 Main Terrace,6946820383
41035954539,Niles,94203 Lukken Lane,6936839219
13778863474,Francois,2323 Carey Road,6957613033
42396316444,Randy,35 Eastwood Parkway,6938499882
83196585037,Corny,21022 Shasta Terrace,6957420643
45484374973,Mara,7 Crowley Hill,6900244615
15838612406,Janene,37255 Homewood Place,6912328775
42587960814,Averell,81151 Holy Cross Pass,6954705463
24560267279,Harrie,04993 Schmedeman Junction,6964003748
65459436568,Tad,3 Cambridge Terrace,6978202317
47108332144,Neils,889 Logan Court,6940262201
90326394505,Kalinda,5565 Crowley Pass,6996458933
67226744322,Izaak,3883 Troy Avenue,6919225471
72020305920,Fonsie,84 Marcy Way,6926599102
39122817822,Hamilton,70908 Old Shore Way,6989336326
30781158363,Marcela,4 Crest Line Center,6950321019
52311379448,Bekki,76042 Monument Alley,6937473875
26597521078,Hatti,996 Beilfuss Junction,6991516436
82301140855,Kelsi,8 Hanover Way,6949699053
67480547182,Benedetto,4 Evergreen Pass,6984730069
38655723122,Kizzee,054 Laurel Junction,6960971207
67749035901,Leonie,0830 Eliot Hill,6970469971
42381571192,Brana,42409 Duke Way,6927661431
59570292230,Grannie,99868 East Junction,6900372724
11266426278,Kat,85431 Pawling Pass,6931758627
93280201299,Barrie,074 Bowman Point,6917460489
89805626699,Cristie,23056 John Wall Pass,6902059347
57744259326,Jaquith,57603 Londonderry Road,6976051008
19921117918,Rosella,600 Iowa Center,6980307181
93951914000,Krishna,149 International Plaza,6958579356
77806779494,Thomas,50 Kinsman Trail,6957004003
11848989997,Fairlie,57980 Carberry Alley,6929014961
78028269906,Vina,9030 Gerald Place,6991593378
49498097935,Anabel,0407 Summerview Trail,6916265300
86736936969,Jody,6 Mallard Hill,6977122217
38356883786,Gris,93 Mayfield Park,6906595420
62115147614,Tyrus,98 Stone Corner Junction,6940070717
62769880497,Alon,6 Rowland Circle,6939507296
66243728091,Kristan,66 Sauthoff Drive,6947376815
99296453833,Jephthah,6485 Jenifer Lane,6933196682
69607160196,Dana,1634 Kings Point,6906890407
78591372365,Jermaine,69 Brown Crossing,6916976398
85472004720,Sargent,53 Warbler Park,6967992639
28049719550,Caria,31 Warner Drive,6920487463
40213810617,Willdon,40567 Dahle Road,6971778523
87324532745,Jesse,7713 East Street,6953656548
74153941370,Marthena,4382 Aberg Crossing,6916741576
83440389952,Peyton,7155 Dawn Avenue,6912983433
44089470063,Johnna,731 Pierstorff Hill,6965308968
50758225871,Ruby,9172 Meadow Ridge Park,6973925661
15216993380,Diana,61354 Mayer Drive,6974093354
96491631961,Ivory,4256 Dawn Plaza,6913755858
38713812886,Lanni,832 Warbler Road,6979892911
86868459041,Selene,43 Leroy Place,6963040193
20903559102,Weber,34 Paget Pass,6995534624
60619078564,Allegra,2273 Waubesa Court,6959879780
96710074919,Thibaut,05 Paget Lane,6966654160
45060088370,Willow,20288 Mallard Way,6994455385
50850324236,Gabe,11696 Dorton Point,6922978708
30793184962,Rudolfo,8136 Carpenter Trail,6989198249
99621999959,Angie,094 Mcguire Street,6916817720
14663427534,Hasty,78 Mariners Cove Avenue,6968615308
27488579533,Aloysia,38489 Rowland Street,6927909870
64594153518,Martha,9167 Nova Hill,6981538659
81411627351,Terence,9014 Paget Hill,6970317319
14591814536,Sabine,1746 Hallows Avenue,6933499895
59371016838,Gerrie,780 Sullivan Plaza,6998332519
26661885252,Helen,789 Raven Hill,6913843484
83403267463,Cull,4 Kennedy Circle,6952251572
28190056167,Brennen,38096 Susan Road,6970349950
48608350642,Elston,49 Trailsway Plaza,6985804109
12019849603,Martino,5290 Blue Bill Park Circle,6954090825
59037786282,Walden,3 Clove Terrace,6964228419
53855502332,Judd,25437 Shasta Center,6926885265
30464881144,Ernestine,07 Ramsey Avenue,6948504117
99294387460,Joelly,78 Eastlawn Center,6915704453
54941817179,Gran,7905 6th Avenue,6986650052
82897765922,Agnes,42 Vahlen Plaza,6907054346
75284386981,Amalee,27228 Dottie Terrace,6914661568
18955657131,Yuri,593 Kim Road,6936353594
14486652353,Sherill,26 Hoepker Way,6967703289
69460397404,Susy,65 Manufacturers Road,6993052190
34917362296,Witty,102 Rockefeller Terrace,6915824155
78819930192,Dom,3828 Michigan Trail,6950092512
54845488268,Kira,4 West Circle,6930435573
81113372645,Ashby,53 Hermina Lane,6951634019
89206408095,Madel,007 Loftsgordon Park,6978918128
42376018549,Chalmers,0583 Johnson Terrace,6952419583
32263387722,Glyn,59578 Troy Crossing,6905797134
18679586357,John,30518 Morningstar Junction,6919659290
52933959593,Brody,8 Delladonna Trail,6937241615
29803579170,Dodi,6 Michigan Court,6917412498
57896626974,Weber,58 7th Road,6999258765
78721060979,Edgardo,7 Straubel Parkway,6915893860
88984310919,Dieter,18784 Tennyson Street,6955702321
78930232063,Batsheva,0 Mcbride Avenue,6997116503
24408746698,Arnie,213 Homewood Hill,6961908286
48331906868,Mickie,55908 Forest Dale Plaza,6988210092
90707206346,Alana,10 Mitchell Place,6913417021
73114508319,Patience,2 Ridgeway Alley,6970682246
28494142978,Tannie,5 Pawling Way,6936415352
12308750674,Tyrone,4555 Anthes Lane,6963408003
50857789520,Masha,902 Victoria Junction,6936012735
69156510183,Glynda,25563 Rigney Way,6935672718
23318763420,Shelly,793 Union Terrace,6942129970
45935855605,Lyman,83993 Shopko Road,6976750304
64849910322,Felicia,2 Spenser Street,6926371171
94273865584,Elly,1 Gale Street,6960305877
55811117366,Auberon,5177 Norway Maple Drive,6920397998
93284410105,Flore,3865 Burning Wood Pass,6976642662
79994013232,Spenser,99177 Duke Junction,6999701905
17240234003,Lisha,86434 Summit Alley,6950303895
77991847436,Gray,932 Northview Junction,6955029262
49976109879,Rachel,91 Marquette Hill,6986231024
78182432936,Philippe,1517 Sheridan Alley,6902979220
37847727913,Tobias,47 Butternut Place,6959083346
53411061238,Patrica,254 Norway Maple Lane,6937656823
76347123678,Teresina,29529 Judy Park,6966779339
79084297281,Lazar,770 Walton Court,6967063409
34027131826,Maryjane,018 Northwestern Center,6951777726
74241918944,Farra,593 Merchant Plaza,6968417100
53511476704,Adelaida,34453 Lunder Road,6966559079
38692279454,Morris,9831 Westend Point,6918322956
90070455582,Grissel,6708 Sugar Point,6982546461
34546844367,Merlina,00 Sommers Court,6962711925
18190801693,Rozele,9866 Sunbrook Way,6956620251
23702645015,Hilliard,00 Northwestern Center,6967516398
26063404083,Artemas,09743 Autumn Leaf Crossing,6913654504
29123641794,Carlin,174 Arapahoe Hill,6943311332
92752515936,Oona,4 Rowland Pass,6940948256
86996228224,Ellswerth,79679 Buena Vista Center,6976306806
23446558201,Lucie,2 Sycamore Way,6950098190
83110590433,Rivalee,2 Oriole Point,6950763037
49645548898,Dolli,19 Cambridge Junction,6906917192
65863084951,Gran,7983 Bashford Junction,6984795471
69830755644,Elizabet,0 Londonderry Center,6921663713
13758377515,Tuesday,0 Graceland Road,6927810755
18701562178,Mariquilla,97 Steensland Terrace,6937755410
98708283878,Barth,88474 Crescent Oaks Park,6918445240
50390662232,Lynnell,8 Forster Street,6952084633
35997587877,Daria,7127 Brentwood Alley,6929015777
25390151505,Prudy,6 7th Trail,6996101275
80534831702,Sawyere,28 Bluestem Park,6943089184
16575956989,Archaimbaud,3 Acker Lane,6948915429
98444742928,Aylmar,1 Becker Road,6955566272
69764873058,Melva,216 Eastlawn Court,6972749961
97439915643,Rikki,13396 Dawn Parkway,6927334754
13977298937,Howey,6 Messerschmidt Street,6985839971
61033742838,Maureen,798 Northfield Center,6981969262
14596331473,Terese,827 Utah Lane,6901883769
81547333575,Clim,76227 Onsgard Place,6981661115
98669464756,Valry,3 Banding Street,6925375363
53804952946,Evaleen,5600 Green Street,6935248089
60685887636,Shalom,68243 Calypso Lane,6970958400
80161008209,Jo ann,1 Jenna Park,6943233044
70522249226,Peggi,41 Talisman Junction,6935119167
77828377529,Corliss,09474 Oxford Junction,6926065872
66386050658,Gregorius,63554 Becker Street,6938438190
25421220872,Karry,3286 Surrey Pass,6962652108
55568228469,Maryann,8 Onsgard Crossing,6901244173
32643370820,Stan,8 Columbus Center,6942805524
37469098400,Tamiko,353 Birchwood Street,6918958450
64468813507,Gisela,6 Derek Pass,6942059560
14776744329,Kiri,573 Badeau Center,6920217079
51805327284,Aileen,0457 Fairview Parkway,6957954397
37205954755,Glenda,59948 Lawn Trail,6961629421
67957869491,Faulkner,5 School Trail,6904165321
93793181745,Jody,21141 Mockingbird Junction,6965199086
45938970616,Dodie,899 Sunbrook Road,6935985895
70380841312,Keely,4087 Oxford Terrace,6904296045
31644694454,Prince,472 Bonner Center,6934202142
52888488869,Sigfried,570 Aberg Street,6928282783
15612913100,Isidro,057 Bartillon Road,6919500120
77523471525,Jasun,04827 Heath Hill,6961863256
14440830073,Gina,20293 Bellgrove Crossing,6959131565
84514653940,Rennie,4944 Stuart Street,6982377900
99858687375,Jeno,4 Claremont Center,6973345988
79089565603,Veriee,22 Elka Road,6903340466
75364917158,Delcine,81 Summerview Plaza,6942111952
69659377550,Fletcher,01512 Hoard Hill,6959114335
21301180394,Roz,136 Oxford Circle,6947691674
98511925803,Mina,0376 Kim Road,6926814891
72055481118,Mason,3589 Myrtle Parkway,6948699812
97686469328,Theobald,0939 Sycamore Way,6916782245
78777365332,Kristian,815 Crownhardt Center,6986895037
26072690114,Elaina,187 Roxbury Avenue,6916526780
52247769350,Crista,0 Laurel Alley,6940425847
83181727232,Torrin,83633 Luster Park,6990591294
72172854008,Francine,5 Stephen Place,6945163071
23032192863,Tessy,449 Scofield Point,6951072644
57118695880,Iris,633 Manitowish Drive,6913188067
18487576385,Shell,6013 Nevada Hill,6916611078
65814598368,Catharine,0 Sutteridge Parkway,6922305311
67939147010,Stephan,57 Summit Street,6980291768
52684855638,Vally,997 Brentwood Drive,6994549920
16408125508,Hurlee,62214 Hagan Center,6989330336
27664507676,Elana,63251 Pennsylvania Trail,6988479858
26434210317,Mikael,2851 David Court,6987916242
31799475225,Claudia,5 Maple Wood Way,6996815556
89818483139,Tommie,2 Grasskamp Parkway,6910703247
40317074771,Gerome,75449 Summerview Way,6943554908
98834309043,Leontine,88148 Claremont Court,6923995000
16954912202,Maryanna,84862 Crowley Place,6942403455
50234165721,Raddie,3192 Johnson Point,6951691056
33083226872,Evvy,54 Division Road,6928228811
50558371643,Vicky,8461 Cascade Avenue,6931095053
62550430191,Fraser,268 Veith Circle,6999911271
22592888440,Ursa,44798 Montana Circle,6900006289
60073593665,Omar,1 Clyde Gallagher Pass,6959401756
53753634819,Carlyn,0 Norway Maple Avenue,6920583342
36873806995,Alica,17721 Hauk Terrace,6986275825
94075151151,Cicely,66310 Dakota Lane,6989527225
58013164104,Shawnee,23396 Hazelcrest Lane,6949846695
40824304478,Ricard,959 Pawling Court,6904282462
99442506910,Lothaire,735 Beilfuss Street,6980595125
96339860770,Mallory,800 Schmedeman Lane,6986035275
98556196845,Pepita,2400 Pond Crossing,6928460562
57152521174,Almeta,029 Aberg Hill,6935742513
41718580671,Marlow,6 Aberg Hill,6941831601
36669879659,Eduardo,68 Red Cloud Way,6910573825
50114405116,Eydie,8 Waywood Court,6993504696
73223794044,Godfry,51 La Follette Center,6964497696
85114306296,Annadiana,5 Gale Junction,6957430587
28448688054,Ludvig,3767 Ryan Way,6928695214
96353235138,Cy,5829 Barby Plaza,6985963241
89244743124,Doreen,6 Warrior Circle,6910360646
85313135375,Lockwood,66285 Barby Parkway,6914209859
88317657279,Sarah,2130 Summit Junction,6948380616
32824842174,Nicholas,63 Hudson Street,6958506054
80356020111,Pip,385 Barby Point,6929834102
94575475334,Sib,5 Darwin Parkway,6924581638
19475168844,Boony,7120 Twin Pines Terrace,6931837912
40834187836,Brockie,25 Tomscot Avenue,6916553684
22414106064,Sawyere,0937 Jenifer Hill,6933513145
48781536982,Issi,29759 Butternut Trail,6945861654
12824635264,Jermaine,580 2nd Lane,6920940973
99728664852,Ruthy,22409 Morningstar Lane,6986825287
85948458077,Alvina,187 Bultman Street,6962352225
84823194963,Gran,5985 Thierer Alley,6968224547
94452772627,Octavia,026 Continental Drive,6966597798
95505996720,Clarinda,33 Sheridan Parkway,6910890456
19676021060,Mathian,84 Sutherland Terrace,6981839722
76616261718,Lurlene,4813 Gale Street,6959006857
76202050730,Dolli,8 Melby Parkway,6920970566
79285582850,Kennie,02703 Troy Road,6938893502
64434592373,Abigael,066 Kinsman Park,6903479301
60074694546,Filbert,47 Sachtjen Center,6900373417
26969729190,Raul,25 Quincy Trail,6968277462
45966253597,Sindee,86345 Thackeray Center,6919763823
74689745871,Abbie,2 Hanover Junction,6938579515
36675081840,Lenci,4 Orin Terrace,6973874539
41121110743,Stan,616 Dennis Point,6988384627
16701120675,Norbert,5 Lakewood Trail,6914179175
21698509012,Hammad,043 Macpherson Park,6946885762
27271150963,Mary,632 Becker Point,6959704423
14474880431,Seth,91232 Luster Hill,6905857554
92973363666,Zandra,5 Westerfield Circle,6902001324
10040274115,Marietta,20 Northwestern Center,6968167684
98692789735,Conney,9438 Tennyson Center,6941237382
84790537260,Nicolette,536 Fallview Drive,6997831637
48721567552,Konstanze,3224 Dennis Circle,6996014604
38330544573,Berkley,91987 6th Road,6906581682
14506230811,Reginauld,391 Coleman Hill,6993442678
56735172808,Rollie,38517 Cody Court,6936237512
65882442661,Godfrey,6 Hallows Terrace,6997099399
66849737074,Steve,921 Carberry Plaza,6904361654
22931920534,Federico,5 Mcbride Point,6999819914
13258634156,Morganica,6 Gale Pass,6989558529
68730702003,Milena,564 Lawn Street,6929956018
27115125443,Coralyn,84 Larry Hill,6959904788
11142992081,Thea,91679 Sherman Circle,6917283605
97349962240,Humbert,87 Drewry Street,6958304197
81599364799,Jeniece,417 8th Center,6955718133
41213215681,Giles,9569 Mockingbird Hill,6938986244
74121400825,Agna,99748 Schmedeman Lane,6915704222
16230596089,Felita,77331 Burrows Park,6973528333
21355746533,Wynn,0 Dottie Lane,6983542185
81238774596,Dix,3242 Karstens Circle,6932523206
92144050002,Valaria,7 Kinsman Point,6985376394
42100475022,Ad,02 Granby Trail,6975924829
39028061023,Gerty,79 Magdeline Street,6972068676
94756690889,Merrile,6085 Scott Circle,6913609141
30290819323,Eryn,9 Rigney Court,6971236106
80745252947,Zandra,79 Artisan Lane,6926039198
90930479447,Loree,1 Charing Cross Way,6974917315
33322859451,Alfie,18 Red Cloud Alley,6944600947
19819416938,Corrinne,03 Birchwood Point,6915866735
12002593811,Alon,9938 Jenna Junction,6953737273
48686739303,Ulla,34384 Trailsway Place,6951683032
66425983165,Rance,5170 Westerfield Pass,6920465138
39396578404,Bonnie,876 Spohn Center,6905336665
73942464922,Hort,17 Cottonwood Way,6953177502
69915572882,Chad,9 Morrow Pass,6968061492
90849886261,Lilly,41118 Bonner Hill,6925661559
68664680137,Vasili,379 Glendale Avenue,6997859564
82964790249,Dan,9 Steensland Junction,6907821581
88499803708,Kerri,5176 Stone Corner Court,6905150644
63528989298,Drud,97 Scoville Road,6910812185
31825022250,Vida,8925 Carpenter Center,6986864740
11571774760,Leandra,39 Ruskin Park,6905626492
66614797383,Renie,184 Huxley Trail,6931040251
29270989273,Bernetta,4039 Sachtjen Road,6909879719
58657697539,Kevyn,38015 3rd Parkway,6991518748
98365067058,Celeste,4281 South Alley,6966385671
39662215794,Debi,3 Bultman Alley,6912711790
92356073855,Dougy,871 Anderson Pass,6970167823
54244345993,Felizio,4 Manley Court,6996968977
53443662111,Andras,251 Toban Drive,6958081713
32717097989,Liuka,37842 Golf Course Lane,6997399302
53007825569,Alejandrina,7 Clove Park,6982955658
97831259414,Florella,0177 Mesta Road,6944144695
38985338469,Kelly,78440 Quincy Trail,6957547729
78290850269,Liza,6 Helena Point,6964709374
20761020389,Emili,56016 Ridgeway Circle,6992624455
92280569125,Marta,0 Merrick Court,6992816313
98312304603,Ardeen,0 Fallview Road,6986327496
76034991614,Everett,66 8th Hill,6958650133
72213471022,Philly,39 Corben Avenue,6987976713
16147361757,Izak,2 Farmco Court,6997342804
43356920672,Delmore,69391 Forest Dale Circle,6975452771
98691361620,Pamela,676 Evergreen Center,6996700771
34173072257,Georgie,6835 Golf View Center,6918758767
93911155067,Hillel,679 Pond Court,6926639721
84159844256,Ashil,26439 Fieldstone Point,6993182884
36645138661,Conny,60375 Toban Road,6962072301
48090616650,Garek,78 Dayton Street,6900662644
71370286543,Natalina,85416 Cody Plaza,6942331782
48010480283,Devonna,578 Northland Street,6926079119
88370776676,Hurlee,2954 Summer Ridge Place,6991542148
32055762023,Evangelin,9513 Luster Hill,6949306707
84912955709,Zack,54 Little Fleur Street,6944048847
